تاریخچه فعالیت روزانه برای Web3
Update on Fri Aug 15 01:56:47 UTC 2025
Update on Sat Aug 16 01:50:53 UTC 2025
Update on Sun Aug 17 02:02:26 UTC 2025
Update on Mon Aug 18 02:02:58 UTC 2025
Update on Tue Aug 19 01:50:09 UTC 2025
Update on Wed Aug 20 01:48:29 UTC 2025
Update on Thu Aug 21 01:47:16 UTC 2025
Update on Fri Aug 22 01:47:57 UTC 2025
Update on Sat Aug 23 01:44:07 UTC 2025
Update on Sun Aug 24 01:57:54 UTC 2025
Update on Mon Aug 25 01:52:43 UTC 2025
Update on Tue Aug 26 01:48:47 UTC 2025
Update on Wed Aug 27 01:45:33 UTC 2025
Update on Thu Aug 28 01:44:49 UTC 2025
Update on Fri Aug 29 01:44:35 UTC 2025
Update on Sat Aug 30 01:39:22 UTC 2025
Update on Sun Aug 31 01:49:43 UTC 2025
Update on Mon Sep  1 01:59:31 UTC 2025
Update on Tue Sep  2 01:46:24 UTC 2025
Update on Wed Sep  3 01:39:28 UTC 2025
Update on Thu Sep  4 01:39:58 UTC 2025
Update on Fri Sep  5 01:42:12 UTC 2025
Update on Sat Sep  6 01:39:09 UTC 2025
Update on Sun Sep  7 01:47:21 UTC 2025
Update on Mon Sep  8 01:47:13 UTC 2025
Update on Tue Sep  9 01:43:46 UTC 2025
Update on Wed Sep 10 01:40:25 UTC 2025
Update on Thu Sep 11 01:42:59 UTC 2025
Update on Fri Sep 12 01:39:20 UTC 2025
Update on Sat Sep 13 01:27:32 UTC 2025
Update on Sun Sep 14 01:46:57 UTC 2025
Update on Mon Sep 15 01:48:35 UTC 2025
Update on Tue Sep 16 01:40:18 UTC 2025
Update on Wed Sep 17 01:40:26 UTC 2025
Update on Thu Sep 18 01:40:10 UTC 2025
Update on Fri Sep 19 01:43:04 UTC 2025
Update on Sat Sep 20 01:38:24 UTC 2025
Update on Sun Sep 21 01:49:52 UTC 2025
Update on Mon Sep 22 01:49:45 UTC 2025
Update on Tue Sep 23 01:40:53 UTC 2025
Update on Wed Sep 24 01:42:14 UTC 2025
Update on Thu Sep 25 01:42:53 UTC 2025
Update on Fri Sep 26 01:42:15 UTC 2025
Update on Sat Sep 27 01:37:59 UTC 2025
Update on Sun Sep 28 01:50:43 UTC 2025
Update on Mon Sep 29 01:45:02 UTC 2025
Update on Tue Sep 30 01:40:00 UTC 2025
Update on Wed Oct  1 01:52:12 UTC 2025
Update on Thu Oct  2 01:40:21 UTC 2025
Update on Fri Oct  3 01:40:01 UTC 2025
Update on Sat Oct  4 01:36:41 UTC 2025
Update on Sun Oct  5 01:49:51 UTC 2025
Update on Mon Oct  6 01:43:25 UTC 2025
Update on Tue Oct  7 01:41:00 UTC 2025
Update on Wed Oct  8 01:41:22 UTC 2025
Update on Thu Oct  9 01:42:06 UTC 2025
Update on Fri Oct 10 01:42:35 UTC 2025
Update on Sat Oct 11 01:38:15 UTC 2025
Update on Sun Oct 12 01:45:56 UTC 2025
Update on Mon Oct 13 01:49:14 UTC 2025
Update on Tue Oct 14 01:42:45 UTC 2025
Update on Wed Oct 15 01:45:36 UTC 2025
Update on Thu Oct 16 01:44:28 UTC 2025
Update on Fri Oct 17 01:43:33 UTC 2025
Update on Sat Oct 18 01:38:34 UTC 2025
Update on Sun Oct 19 01:54:59 UTC 2025
Update on Mon Oct 20 01:52:11 UTC 2025
Update on Tue Oct 21 01:46:23 UTC 2025
Update on Wed Oct 22 01:49:28 UTC 2025
Update on Thu Oct 23 01:45:13 UTC 2025
Update on Fri Oct 24 01:41:26 UTC 2025
Update on Sat Oct 25 01:42:56 UTC 2025
Update on Sun Oct 26 01:51:26 UTC 2025
Update on Mon Oct 27 01:55:28 UTC 2025
Update on Tue Oct 28 01:45:17 UTC 2025
Update on Wed Oct 29 01:52:11 UTC 2025
Update on Thu Oct 30 01:51:42 UTC 2025
Update on Fri Oct 31 01:48:19 UTC 2025
Update on Sat Nov  1 01:51:53 UTC 2025
Update on Sun Nov  2 01:54:20 UTC 2025
Update on Mon Nov  3 01:53:31 UTC 2025
Update on Tue Nov  4 01:49:05 UTC 2025
Update on Wed Nov  5 01:50:03 UTC 2025
Update on Thu Nov  6 01:50:13 UTC 2025
Update on Fri Nov  7 01:49:01 UTC 2025
Update on Sat Nov  8 01:43:12 UTC 2025
Update on Sun Nov  9 01:53:02 UTC 2025
Update on Mon Nov 10 01:54:36 UTC 2025
Update on Tue Nov 11 01:50:56 UTC 2025
Update on Wed Nov 12 01:49:58 UTC 2025
Update on Thu Nov 13 01:51:46 UTC 2025
Update on Fri Nov 14 01:50:46 UTC 2025
Update on Sat Nov 15 01:46:45 UTC 2025
Update on Sun Nov 16 01:56:05 UTC 2025
Update on Mon Nov 17 01:51:44 UTC 2025
Update on Tue Nov 18 01:49:37 UTC 2025
Update on Wed Nov 19 01:49:51 UTC 2025
Update on Thu Nov 20 01:48:24 UTC 2025
Update on Fri Nov 21 01:49:20 UTC 2025
Update on Sat Nov 22 01:45:30 UTC 2025
Update on Sun Nov 23 02:03:30 UTC 2025
Update on Mon Nov 24 01:57:38 UTC 2025
Update on Tue Nov 25 01:51:23 UTC 2025
Update on Wed Nov 26 01:51:18 UTC 2025
Update on Thu Nov 27 01:49:09 UTC 2025
Update on Fri Nov 28 01:49:00 UTC 2025
Update on Sat Nov 29 01:48:39 UTC 2025
Update on Sun Nov 30 02:02:25 UTC 2025
Update on Mon Dec  1 02:09:58 UTC 2025
Update on Tue Dec  2 01:53:42 UTC 2025
Update on Wed Dec  3 01:53:07 UTC 2025
Update on Thu Dec  4 01:54:09 UTC 2025
Update on Fri Dec  5 01:54:27 UTC 2025
Update on Sat Dec  6 01:47:48 UTC 2025
